"Artifact_ID","Core","Class","Length","Width","Laminar_Index","MeanThick","Max_Thick","CarenIndex","Surf_Area","Surf_Thick","Angle_Lat_Marg","SDThick","CVThick","Weight","Curvature","Surface.Plat","Plat_Depth","Plat_Width","FlakeSurf_Plat","Plat_Prof","Plat_Prep","Cortex","Cortex_Loc","No_Scars","Long_Ridges","Termination_type","Trans_Section","Flake_Type","EPA","IPA","X_W_rat","IL_PS","Surf_ProxW"
"Disc_08_01","Discoid_08","D",40.4,31.4,1.28662420382166,4.66666666666667,7.1,4.42253521126761,1268.56,271.834285714286,-15.4322175991997,1.8263503375737,0.391360786622935,7.2,175.601042640048,7.68,2.4,6.4,165.177083333333,"RT","L",5,5,2,0,"Feather","Trapezoidal_Asymmetric","Backed Flake",76,120,3.140625,0.167529193205945,2.6171875
"Disc_08_02","Discoid_08","D",42.2,41.6,1.01442307692308,10.6666666666667,13,3.2,1755.52,164.58,8.61891932938114,2.32139804619735,0.217631066831002,23.03,174.862112551079,316,7.9,40,5.55544303797468,"CX","L",5,5,3,0,"Feather","Triangular","Flake",77,119,1.0275,0.00321019961051607,0.130063291139241
"Disc_08_03","Discoid_08","D",28.9,38.5,0.750649350649351,9.16666666666667,12.7,2.2755905511811,1112.65,121.38,1.43231989094082,2.8581268146968,0.311795652512378,11.82,180,210.625,12.5,33.7,5.28261127596439,"BF","D",5,5,3,0,"Feather","Trapezoidal","Flake",54,112,1.03560830860534,0.00356391383097614,0.165697329376855
"Disc_08_04","Discoid_08","D",58.6,39.4,1.48730964467005,11.9666666666667,16.6,2.37349397590361,2308.84,192.939275766017,-5.95885952182339,4.11528316833187,0.343895529387064,23.87,173.736213062198,33.06,5.7,11.6,69.837870538415,"CX","L",5,5,4,0,"Feather","Triangular","Flake",60,114,2.0948275862069,0.0449881925187553,0.73502722323049
"Disc_08_05","Discoid_08","D",41,35.1,1.16809116809117,11.3333333333333,15.4,2.27922077922078,1439.1,126.979411764706,10.125487069893,3.52640830811685,0.311153674245605,14.04,177.774641495085,60.8,4,15.2,23.6694078947368,"RT","L",5,5,3,0,"Feather","Triangular_Asymmetric","Backed Flake",56,115,1.99342105263158,0.0192120257909732,0.498355263157895
"Disc_08_06","Discoid_08","D",40.2,28,1.43571428571429,11.9333333333333,13.5,2.07407407407407,1125.6,94.3240223463687,3.89360871636533,1.74419672692682,0.146161736893309,10.27,176.480732279336,38.72,6.4,12.1,29.0702479338843,"RT","L",5,5,3,0,"Feather","Triangular_Asymmetric","Backed Flake",83,98,1.68595041322314,0.0370793978748524,0.526859504132231
"Disc_08_07","Discoid_08","D",36.8,30.7,1.19869706840391,8.4,10.5,2.92380952380952,1129.76,134.495238095238,-0.155694957217637,2.23755819291179,0.266375975346641,9.82,168.124938773786,35.09,5.8,12.1,32.1960672556284,"RT","L",5,5,2,0,"Feather","Triangular_Asymmetric","Backed Flake",75,120,2.31404958677686,0.0341606460075209,0.797948133371331
"Disc_08_08","Discoid_08","D",41.7,28.4,1.46830985915493,6.93333333333333,9.3,3.05376344086021,1184.28,170.809615384615,8.22981819647451,1.96015872373189,0.282715200538253,9.74,178.351086797238,109.51591990414,8.3,16.8,10.8137702814039,"CC","L",4,2,2,2,"Feather","Triangular","Flake",70,105,1.67857142857143,0.0134072732114212,0.257496809821655
"Disc_08_09","Discoid_08","D",46.7,27.8,1.67985611510791,6.66666666666667,7.1,3.91549295774648,1298.26,194.739,7.10683823956293,0.612825877028341,0.0919238815542512,10.28,170.654999318866,64.61,7.1,18.2,20.0937935304133,"CX","L",5,5,2,0,"Feather","Triangular_Asymmetric","Backed Flake",85,91,1.52747252747253,0.0259999398716594,0.430273951400712
"Disc_08_10","Discoid_08","D",49.2,23.1,2.12987012987013,7.73333333333333,10.1,2.28712871287129,1136.52,146.963793103448,-2.67797361095097,2.20050499254653,0.284548059381017,8.65,170.663032117303,49.58,7.4,13.4,22.9229528035498,"RT","L",5,5,3,0,"Feather","Triangular","Flake",77,110,1.35820895522388,0.0429582519134758,0.36708350141186
"Disc_08_11","Discoid_08","D",31.6,27.2,1.16176470588235,8.73333333333333,14.7,1.85034013605442,859.52,98.418320610687,17.0969947573408,4.56970701710976,0.523248895088904,6.47,177.823949395645,193.88,14.8,26.2,4.43325768516608,"CX","L",5,5,2,1,"Feather","Triangular","Flake",56,103,0.965648854961832,0.00599218437116955,0.130493088508356
"Disc_08_12","Discoid_08","D",67.5,36.6,1.84426229508197,8.36666666666667,11,3.32727272727273,2470.5,295.278884462151,-2.63761315014825,3.04448499567478,0.363882668805751,20.87,172.735574547817,49.245,4.9,12.6,50.1675296984465,"RT","L",5,5,4,0,"Feather","Triangular","Flake",73,109,1.69047619047619,0.0374507522607771,0.432531221443801
"Disc_08_13","Discoid_08","D",63,36.1,1.74515235457064,9.16666666666667,10.7,3.37383177570094,2274.3,248.105454545455,6.75378270638995,1.4613540144522,0.15942043794024,22.03,172.516023892796,59.89,5.3,16.6,37.9746201369177,"RT","L",5,5,5,0,"Feather","Triangular","Flake",66,119,1.71084337349398,0.0291392946163072,0.474202704959092
"Disc_08_14","Discoid_08","D",52.7,45.8,1.15065502183406,9.76666666666667,12.5,3.664,2413.66,247.132423208191,-4.56385246506657,2.63860232362177,0.270164060439089,24.26,173.905908515041,144.64,12.8,22.6,16.6873617256637,"CC","L",5,5,3,0,"Feather","Triangular","Flake",74,116,1.64159292035398,0.00795530297175098,0.25649889380531
"Disc_08_15","Discoid_08","D",52.8,39,1.35384615384615,10.7,13.2,2.95454545454545,2059.2,192.448598130841,11.1417738554108,3.46506373197762,0.323837731960525,19.44,176.091955497819,6.28318530717959,2.5,3.2,327.731858814831,"RT","L",3,2,1,0,"Feather","Triangular_Asymmetric","Backed Flake",65,119,9.625,0.215471307570566,4.90197224723038
"Disc_08_16","Discoid_08","D",58.2,33.7,1.72700296735905,10.5333333333333,16.1,2.09316770186335,1961.34,186.203164556962,12.161481865634,4.6147107770212,0.43810545351467,22.67,166.150663836641,10.3672557568463,2.4,5.5,189.186033990217,"CC","L",2,2,2,0,"Feather","Triangular","Flake",70,122,5.81818181818182,0.166582459993675,3.08664132057009
"Disc_08_17","Discoid_08","D",58.9,46.5,1.26666666666667,13.2333333333333,16.7,2.78443113772455,2738.85,206.965994962217,-2.00514760752012,3.408160142299,0.25754358757927,37.99,175.796425509382,219.6,12.2,36,12.4719945355191,"CX","C",2,2,1,0,"Feather","Triangular_Asymmetric","Backed Flake",71,119,1.04722222222222,0.00576806314511233,0.171675774134791
"Disc_08_18","Discoid_08","D",37.9,21.7,1.74654377880184,5.8,7.8,2.78205128205128,822.43,141.798275862069,-1.05820331346626,1.92527054375915,0.331943197199854,6.18,174.553561173052,7.76758783600076,2.3,4.3,105.879716762036,"RT","L",2,2,2,0,"Feather","Triangular","Flake",67,120,4.37209302325581,0.224850212920292,2.42031379585653
"Disc_08_19","Discoid_08","D",46.9,33.7,1.39169139465875,9.63333333333333,11.4,2.95614035087719,1580.53,164.068858131488,-5.30360834095396,1.83726850393609,0.1907199139034,13.62,163.48232040259,15.4880517821977,2.9,6.8,102.048341665328,"CX","L",5,5,3,1,"Feather","Triangular","Flake",65,118,3.02941176470588,0.0898558071879896,1.33005753658947
"Disc_08_20","Discoid_08","D",53.8,33.4,1.61077844311377,10,11.8,2.83050847457627,1796.92,179.692,-1.51018022832203,1.43061758225833,0.143061758225833,18.05,169.398030228212,108.12,10.2,21.2,16.6196818349982,"RT","L",3,2,1,0,"Feather","Triangular","Flake",58,115,1.23584905660377,0.0148980618120031,0.242323344432112
"Disc_08_21","Discoid_08","D",46.2,38.9,1.18766066838046,7.1,7.9,4.92405063291139,1797.18,253.123943661972,-5.70006867153787,0.748331477354789,0.105398799627435,13.53,177.022926345064,87.33,8.2,21.3,20.5791824115424,"RT","L",2,2,2,0,"Feather","Triangular","Flake",65,108,1.41784037558685,0.013599687030579,0.345814725752891
"Disc_08_22","Discoid_08","D",37,24.8,1.49193548387097,4.56666666666667,5.2,4.76923076923077,917.6,200.934306569343,-5.26131739253961,0.634209919681348,0.138878084601755,4.66,181.2388759295,37,5,14.8,24.8,"CX","L",5,5,4,0,"Feather","Triangular","Flake",70,105,1.51351351351351,0.0403225806451613,0.605405405405405
"Disc_08_23","Discoid_08","D",65.2,54.9,1.18761384335155,11.1333333333333,16.1,3.40993788819876,3579.48,321.510179640719,8.21803427575732,3.55183833465933,0.319027395328682,36.95,163.085139926576,17.0431401457246,3.1,7,210.024676755236,"RT","L",1,1,0,0,"Feather","Triangular","Flake",90,105,4.67142857142857,0.0696828068769632,1.91866051211243
"Disc_08_24","Discoid_08","D",47.7,47.1,1.01273885350318,5.86666666666667,9.8,4.80612244897959,2246.67,382.955113636364,-21.9048261689584,2.94882274061286,0.502640239877193,12.18,172.349224890158,72.38,7.7,14,31.0399281569494,"RT","L",5,5,2,0,"Feather","Triangular_Asymmetric","Pseudo-Point",58,115,1.85,0.0139919708967005,0.357833655705996
"Disc_08_25","Discoid_08","D",32.2,31.9,1.00940438871473,4.96666666666667,7.8,4.08974358974359,1027.18,206.814765100671,10.0939898546498,2.41430919496424,0.486102522476022,5.54,178.754390520222,14.31,2.7,10.6,71.780573025856,"CX","L",5,5,3,0,"Feather","Circular","Backed Flake",45,136,2.5377358490566,0.070538391943727,1.87980433263452
"Disc_08_26","Discoid_08","D",47.8,55.7,0.858168761220826,14.8333333333333,21,2.27619047619048,2662.46,179.491685393258,-13.4083469812692,5.23598658855765,0.352987859902763,44.22,179.609567282971,402.93,33.3,24.2,6.60774824411188,"RT","C",1,1,0,0,"Feather","Triangular","Flake",37,126,1.73140495867769,0.0021298209644872,0.103988285806468
"Disc_08_27","Discoid_08","D",35.2,31.2,1.12820512820513,4.53333333333333,5.6,5.57142857142857,1098.24,242.258823529412,10.550274938734,0.793025150224688,0.174932018431916,4.68,172.174809586051,144.76,4.7,30.8,7.58662613981763,"CX","L",5,5,2,0,"Feather","Trapezoidal","Flake",62,117,0.970779220779221,0.00779362481490141,0.206548770378558
"Disc_09_01","Discoid_09","D",35,27.3,1.28205128205128,8.26666666666667,13.3,2.05263157894737,955.5,115.584677419355,2.94953763500876,3.64264860903284,0.440642976899134,6.6,178.136558387663,38.3274303737955,4,12.2,24.9299259220174,"CX","L",5,5,2,0,"Feather","Triangular_Asymmetric","Pseudo-Point",70,120,1.73770491803279,0.0334499670222563,0.55312865468003
"Disc_09_02","Discoid_09","D",46.3,45,1.02888888888889,8.16666666666667,11.2,4.01785714285714,2083.5,255.122448979592,4.59087477891216,2.19139732185248,0.26833436594112,18.45,170.306805716782,64.05,6.1,9.6,32.5292740046838,"RT","C",5,5,3,0,"Feather","Triangular_Asymmetric","Backed Flake",70,112,3.6875,0.0160638390146587,0.552693208430913
"Disc_09_03","Discoid_09","D",42.9,46.8,0.916666666666667,9.73333333333333,14.5,2.95862068965517,2007.72,206.272602739726,-18.2092017308044,3.37078955472189,0.34631399534814,16.25,178.530796952045,11.25,4.5,5,178.464,"RT","L",5,5,2,0,"Feather","Triangular_Asymmetric","Backed Flake",82,116,6,0.0814814814814815,2.66666666666667
"Disc_09_04","Discoid_09","D",42.8,41.4,1.03381642512077,7.53333333333333,8.9,4.65168539325843,1771.92,235.210619469027,-0.131111566386463,1.06562449087639,0.141454578434918,13.48,172.647684978635,53.46,8.1,13.2,33.1447811447811,"CX","L",5,5,4,0,"Feather","Trapezoidal","Flake",70,120,1.95454545454545,0.0193381299124724,0.482603815937149
"Disc_09_05","Discoid_09","D",36.7,38.1,0.963254593175853,7.43333333333333,8.1,4.53086419753086,1398.27,188.108071748879,-4.93399993842543,0.531245915016974,0.0714680603161849,11.62,178.960592275541,70.38,6.8,20.7,19.8674339300938,"CX","L",5,5,3,0,"Feather","Trapezoidal","Flake",71,110,1.53623188405797,0.0136864818581394,0.451832907075874
"Disc_09_06","Discoid_09","D",41.9,31.8,1.31761006289308,7.73333333333333,10.3,3.0873786407767,1332.42,172.295689655172,10.0928837193713,2.46891789161883,0.319256623916228,10.14,177.264598539363,47.52,4.8,9.9,28.0391414141414,"RT","L",5,5,2,0,"Feather","Triangular","Backed Flake",48,130,2.47474747474747,0.0277274844884908,0.515572390572391
"Disc_09_07","Discoid_09","D",50.1,41.1,1.21897810218978,10.4333333333333,12,3.425,2059.11,197.358785942492,7.12533460798199,1.87320284243028,0.179540208539644,25.71,173.407017862872,182.52,7.8,26.8,11.2815581854043,"CC","L",3,3,3,0,"Feather","Trapezoidal","Flake",70,115,1.41417910447761,0.00667860016540533,0.207648476879246
"Disc_09_08","Discoid_09","D",43.6,39.4,1.10659898477157,9.23333333333333,12.5,3.152,1717.84,186.047653429603,3.1143433319977,2.65371856499935,0.287406342779713,15.9,179.554981999605,117.97,9.4,25.1,14.5616682207341,"RT","L",5,5,4,0,"Feather","Triangular","Flake",59,110,1.38247011952191,0.00938034233086016,0.294142578621683
"Disc_09_09","Discoid_09","D",49.8,44.6,1.11659192825112,9.4,10.8,4.12962962962963,2221.08,236.285106382979,-15.889568135839,1.10453610171873,0.117503840608375,22.1,179.53979046143,106.76,6.8,21.4,20.8044211315099,"CX","L",2,3,3,0,"Feather","Trapezoidal","Flake",76,110,1.41588785046729,0.0104588977917864,0.283814162607718
"Disc_09_11","Discoid_09","D",37.5,25.8,1.45348837209302,8.03333333333333,9.6,2.6875,967.5,120.435684647303,-7.59077473219363,1.80800688297608,0.225063097465902,7.17,178.873756770256,75.44,9.2,16.4,12.8247613997879,"CC","L",3,3,2,0,"Feather","Triangular","Flake",88,93,1.15243902439024,0.0192668129916891,0.250530222693531
"Disc_09_12","Discoid_09","D",53.8,39.9,1.3483709273183,5.83333333333333,7,5.7,2146.62,367.992,-19.9350448027265,0.833999733546454,0.142971382893678,9.15,168.617081321406,14.62,4.3,6.8,146.827633378933,"RT","L",3,3,2,0,"Feather","Triangular","Flake",71,106,2.08823529411765,0.0922278336059026,0.971272229822161
"Disc_09_13","Discoid_09","D",62.9,33,1.90606060606061,10.1,13.8,2.39130434782609,2075.7,205.514851485149,-2.91426017374224,2.7288581250528,0.270183972777505,17,168.668082944858,17.225,5.3,6.5,120.505079825835,"RT","L",2,2,2,0,"Feather","Triangular_Asymmetric","Backed Flake",77,110,4.23076923076923,0.110656638958526,1.59651669085631
"Disc_09_14","Discoid_09","D",60.5,51.5,1.1747572815534,10.9,12.7,4.05511811023622,3115.75,285.848623853211,-15.7162405274497,1.82391520270726,0.167331669973143,33.78,167.065775562023,58.46,7.9,14.8,53.2971262401642,"CX","L",2,2,2,0,"Feather","Trapezoidal_Asymmetric","Flake",80,101,2.20945945945946,0.0200950612650256,0.55935682517961
"Disc_09_15","Discoid_09","D",62.4,38.3,1.62924281984334,9.13333333333333,10.1,3.79207920792079,2389.92,261.670072992701,8.2226920169011,1.29700509722291,0.142007857360173,22.94,161.744950988125,13.1946891450771,3,5.6,181.127419806754,"RT","L",1,1,0,0,"Feather","Triangular","Flake",81,110,4.83928571428571,0.12347716584526,2.05385664656684
"Disc_09_16","Discoid_09","D",61.4,33.6,1.82738095238095,10.3333333333333,13,2.58461538461538,2063.04,199.649032258064,-2.8921693918078,1.90146142626022,0.184012396089699,24.59,172.149240811037,33.5207936138031,4.4,9.7,61.5450822486043,"CX","C",3,2,2,0,"Feather","Triangular","Flake",85,105,2.98969072164948,0.0545148475132903,0.865134648484529
"Disc_09_18","Discoid_09","D",47.3,36.4,1.29945054945055,9.93333333333333,12,3.03333333333333,1721.72,173.327516778523,1.56470344821334,2.71334152332916,0.273155186912332,18.51,171.800939916098,74.425,6.5,22.9,23.1336244541485,"CX","L",2,2,1,0,"Feather","Triangular","Flake",69,115,1.54148471615721,0.0174598663009815,0.474302989586832
"Disc_09_19","Discoid_09","D",56.1,43.2,1.29861111111111,12.0666666666667,14.3,3.02097902097902,2423.52,200.844198895028,-19.5944830607145,1.92584757675391,0.159600627907782,25.47,172.111867409484,18.5353966561798,4,5.9,130.750911078668,"RT","L",1,1,0,0,"Feather","Triangular","Flake",63,127,3.71186440677966,0.0700611449109803,1.1815231368517
"Disc_09_20","Discoid_09","D",33.6,21,1.6,8.73333333333333,11.9,1.76470588235294,705.6,80.793893129771,3.40945663801454,2.42807651352991,0.278024028266783,6.54,171.800939916098,76.545,8.1,18.9,9.21810699588478,"CC","C",3,2,1,0,"Feather","Triangular","Flake",60,129,1.06349206349206,0.0209027369521197,0.262590632961003
"Disc_09_21","Discoid_09","D",46.5,57.7,0.805892547660312,15.2666666666667,18.1,2.56906077348066,2683.05,175.745633187773,8.53308683479048,3.0092450142113,0.197112118834801,42.93,178.180933589241,122.04,5.4,28,21.9850049164208,"CC","C",1,1,0,0,"Feather","Circular","Flake",75,115,1.57142857142857,0.0066035115344175,0.360537528679122
"Disc_10_01","Disc_10","D",31.4,38.1,0.824146981627296,8.76666666666667,9.1,3.45054945054945,1196.34,136.46463878327,-15.4553089307432,0.249443825784929,0.0284536683404862,8.9,178.879264424165,163.68,9.3,12.3,7.30901759530792,"CX","L",5,5,3,0,"Feather","Triangular_Asymmetric","Backed Flake",61,118,2.16260162601626,0.00503511108032317,0.162512218963832
"Disc_10_02","Disc_10","D",58.2,47.5,1.22526315789474,7.43333333333333,9,5.27777777777778,2764.5,371.905829596413,5.34493533095658,1.80800688297608,0.243229625512477,18.76,169.088252358422,115.6,8,17.6,23.9143598615917,"CX","L",5,5,1,0,"Feather","Triangular_Asymmetric","Backed Flake",68,104,2.1875,0.0105991622655254,0.333044982698962
"Disc_10_03","Disc_10","D",34.1,28,1.21785714285714,4.23333333333333,5.4,5.18518518518519,954.8,225.543307086614,0.310545470183831,0.939266853573692,0.221874059899297,3.91,162.474658750419,16.83,2.2,15.3,56.7320261437908,"CX","L",5,5,3,0,"Feather","Triangular","Flake",71,110,1.15686274509804,0.0723622782446312,1.05169340463458
"Disc_10_04","Disc_10","D",45.3,60.9,0.74384236453202,11.0333333333333,13.7,3.30656934306569,2758.77,250.039577039275,-16.3310276653178,3.56121078036982,0.322768348674002,31.49,180,100,5,18.5,27.5877,"CC","L",5,5,2,0,"Feather","Triangular","Flake",50,133,2.37837837837838,0.0074384236453202,0.44
"Disc_10_05","Disc_10","D",67.9,43.5,1.56091954022989,14.3333333333333,18.1,2.40331491712707,2953.65,206.068604651163,-0.675052921684039,3.14572019664107,0.219468850928447,41.53,179.324931460133,190.74,13.2,28.9,15.485215476565,"CX","C",3,3,2,0,"Hinge","Triangular","Flake",76,95,1.24567474048443,0.00818349344778172,0.188738597043095
"Disc_10_06","Disc_10","D",57.7,48.2,1.19709543568465,10,11.9,4.05042016806723,2781.14,278.114,-17.9171418003887,2.47790233867277,0.247790233867277,27.41,159.343822367917,40.28,5.3,15.2,69.045183714002,"RT","L",4,4,3,0,"Feather","Triangular_Asymmetric","Backed Flake",78,116,1.625,0.0297193504390429,0.613207547169811
"Disc_10_07","Disc_10","D",52,48.2,1.07883817427386,14,14.2,3.3943661971831,2506.4,179.028571428571,-10.0012891951169,0.216024689946929,0.0154303349962092,35.89,156.311933475579,84.55,8.9,19,29.6439976345358,"CC","L",1,1,0,0,"Feather","Triangular_Asymmetric","Backed Flake",65,125,1.75789473684211,0.0127597655147707,0.395032525133057
"Disc_10_08","Disc_10","D",47.5,49.2,0.965447154471545,21.1666666666667,23.1,2.05627705627706,2337,110.409448818898,0.569535862163686,1.59234278833283,0.0752287931495823,34.24,180.911284092514,130.625,12.5,20.9,17.8909090909091,"CX","L",5,5,3,0,"Feather","Triangular_Asymmetric","Pseudo-Point",60,123,1.41148325358852,0.0073909830007391,0.225837320574163
"Disc_10_09","Disc_10","D",58.2,39.2,1.48469387755102,12.3,13.1,2.99236641221374,2281.44,185.482926829268,-0.68324651411601,0.748331477354788,0.0608399575085193,32.25,170.608709735219,57.95,9.5,12.2,39.3691113028473,"CX","L",3,3,2,0,"Feather","Triangular","Flake",60,109,2.65573770491803,0.02562025673082,0.559102674719586
"Disc_10_10","Disc_10","D",52.2,34.2,1.52631578947368,9.8,10.2,3.35294117647059,1785.24,182.167346938776,2.74352641802248,0.282842712474619,0.0288615012729203,17.67,170.760041757221,67.16,9.2,14.6,26.5818939845146,"CC","L",5,5,3,0,"Feather","Triangular","Flake",69,115,2.04794520547945,0.0227265602959155,0.445205479452055
"Disc_10_11","Disc_10","D",59.7,58.3,1.02401372212693,13.7,16,3.64375,3480.51,254.051824817518,-14.3208994537822,2.11187120819429,0.154151183079875,50,160.228785538251,224.5,10,29.1,15.5033853006681,"CX","L",4,4,4,0,"Feather","Triangular","Flake",63,109,1.39518900343643,0.00456130833909546,0.180846325167038
"Disc_10_12","Disc_10","D",61.8,46.5,1.32903225806452,18.1,22,2.11363636363636,2873.7,158.767955801105,-1.20520658503449,3.00111090542597,0.165807232343976,43.38,174.432929357748,125,10,25,22.9896,"CC","L",5,5,3,0,"Feather","Triangular_Asymmetric","Backed Flake",63,120,1.112,0.0106322580645161,0.2224
"Disc_10_13","Disc_10","D",37.4,31,1.20645161290323,5.43333333333333,6.1,5.08196721311475,1159.4,213.386503067485,2.14451140854981,0.498887651569859,0.0918198131723666,7.02,162.712517789532,35.49,4.2,16.9,32.6683572837419,"CX","L",2,2,2,0,"Hinge","Triangular","Flake",74,115,1.49704142011834,0.0339941282869323,0.712876866723021
"Disc_10_14","Disc_10","D",59.5,29.8,1.99664429530201,8.9,10.7,2.78504672897196,1773.1,199.224719101124,-4.31673426716754,2.33666428910958,0.262546549338156,15.27,173.851849660487,35.405,7.3,9.7,50.0804971049287,"CC","L",5,5,3,0,"Feather","Trapezoidal_Asymmetric","Backed Flake",85,93,2.1340206185567,0.0563944159102391,0.58466318316622
"Disc_10_15","Disc_10","D",64.6,83.3,0.775510204081633,31.2333333333333,36.9,1.75067750677507,5381.18,172.289647812166,-7.17475549554612,6.98013053045731,0.22348336810429,313.52,178.935651508591,191.345,7.7,27.1,28.1229193341869,"RT","L",1,1,0,0,"Feather","Trapezoidal_Asymmetric","Backed Flake",59,120,2.16236162361624,0.00405294208932364,0.306253103033787
"Disc_10_17","Disc_10","D",64.3,38.7,1.66149870801034,11.4666666666667,12.7,3.04724409448819,2488.41,217.0125,-2.33827865581484,1.74419672692682,0.15211017967385,27.95,148.505148106499,50.37,6.9,14.6,49.4026206075045,"CX","L",5,5,3,0,"Feather","Triangular_Asymmetric","Backed Flake",66,121,1.54794520547945,0.0329858786581365,0.448679769704189
"Disc_10_18","Disc_10","D",49.8,62,0.803225806451613,12.0666666666667,14,3.55714285714286,3087.6,255.878453038674,-22.3489634219173,2.38932812499432,0.198010618093452,31.59,180,37.96,5.2,14.6,81.3382507903056,"RT","C",1,1,0,0,"Feather","Triangular_Asymmetric","Backed Flake",68,116,2.52739726027397,0.0211597946905061,0.972075869336143
"Disc_10_19","Disc_10","D",28.1,28.2,0.99645390070922,3.1,4.2,6.69047619047619,792.42,255.61935483871,6.51774861266757,1.04243305140746,0.336268726260471,2.15,163.576956533853,33.44,4.4,15.2,23.6967703349282,"CX","L",5,5,2,0,"Feather","Circular","Flake",65,124,1.61842105263158,0.0297982625810173,0.735645933014354
"Disc_10_20","Disc_10","D",39.1,43.7,0.894736842105263,9.73333333333333,11.6,3.37068965517241,1708.67,175.548287671233,7.09063096271405,2.36267268622258,0.242740344474923,15.65,172.015529326457,77.4,6,25.8,22.0758397932817,"RT","L",2,3,4,0,"Feather","Triangular","Flake",64,120,1.3062015503876,0.0115599075207398,0.435400516795866
"Disc_10_21","Disc_10","D",73.7,114.4,0.644230769230769,24.0666666666667,27.9,2.6415770609319,8431.28,350.330193905817,-17.9602032047929,2.71088341484633,0.112640585104418,174.5,167.843397756373,286.33,20.9,27.4,29.4460238186708,"RT","L",2,1,1,0,"Feather","Triangular_Asymmetric","Backed Flake",55,131,1.98175182481752,0.00224995903059676,0.189641322949045
"Disc_10_22","Disc_10","D",72.6,55.2,1.31521739130435,15.3,19.7,2.80203045685279,4007.52,261.929411764706,7.87953842586517,3.44093010681705,0.224897392602422,61.06,177.158304667586,427.55,17,50.3,9.37321950649047,"CX","L",1,1,0,0,"Feather","Circular","Flake",55,118,0.976143141153082,0.00307617212327061,0.114840369547421
"Disc_10_23","Disc_10","D",51.8,33.8,1.53254437869822,6.23333333333333,9.5,3.5578947368421,1750.84,280.883422459893,-4.20128184931807,2.50909456887451,0.402528540461151,12,172.91196583046,81.9,9,18.2,21.3777777777778,"CC","L",5,5,4,0,"Feather","Triangular","Flake",62,115,1.4010989010989,0.0187123855762909,0.311355311355311
"Disc_10_24","Disc_10","D",29.6,31.3,0.945686900958467,5.76666666666667,7.1,4.16901408450704,926.48,160.661271676301,-0.354771495064539,1.48174071805952,0.25694925746697,5.11,176.451139773647,55.44,5.6,11.5,16.7113997113997,"CC","L",5,5,2,0,"Feather","Triangular_Asymmetric","Backed Flake",83,105,2.02608695652174,0.0170578445338829,0.42027417027417
"Disc_10_25","Disc_10","D",36.5,35.4,1.03107344632768,5.36666666666667,7.2,4.91666666666667,1292.1,240.763975155279,1.88352721763295,1.5542057635833,0.289603558431671,7.3,168.66102682131,31.7929176543287,4.4,9.2,40.6411268713514,"CC","L",5,5,2,0,"Feather","Triangular_Asymmetric","Backed Flake",63,115,2.93478260869565,0.0324309161410765,0.849245743770983
"Disc_10_26","Disc_10","D",47.5,28.9,1.64359861591696,17.0333333333333,20,1.445,1372.75,80.5919765166341,-7.82827443722485,2.33285709425636,0.136958342128553,21.06,169.841205142595,126.38,14.2,17.8,10.8620826080076,"CX","L",5,5,3,0,"Feather","Triangular","Flake",69,120,1.1685393258427,0.0130052113935508,0.164583003639816
"Disc_10_27","Disc_10","D",90.8,46.3,1.96112311015119,19.0333333333333,22.6,2.04867256637168,4204.04,220.877758318739,7.2185196530187,4.55802101306648,0.239475709968466,82.84,177.41390540062,52.275,4.1,15.2,80.4216164514586,"CX","C",1,1,0,0,"Feather","Triangular","Flake",56,125,2.32894736842105,0.0375155066504292,0.677187948350072
"Disc_10_28","Disc_10","D",16.1,36.4,0.442307692307692,4.53333333333333,5.6,2.875,586.04,129.273529411765,4.09081697777445,1.1115554667022,0.245196058831369,2,180,9.625,3.5,5.5,60.8872727272727,"CX","L",5,5,2,0,"Feather","Circular","Flake",76,110,4.94545454545455,0.045954045954046,2.82597402597403
"Disc_10_29","Disc_10","D",107.8,81.3,1.3259532595326,20.7333333333333,24.9,3.26506024096386,8764.14,422.707717041801,4.05056511855315,4.13306450738701,0.199343947301624,206.79,161.583055639781,159.3,10.8,19.7,55.0165725047081,"RT","L",1,1,0,0,"Feather","Triangular_Asymmetric","Backed Flake",76,117,3.10152284263959,0.00832362372587944,0.383553044569994
"Disc_10_30","Disc_10","D",58.9,67,0.87910447761194,14.7333333333333,16.1,3.6583850931677,3946.3,267.848416289593,-19.0823535912176,1.06562449087639,0.0723274541318814,62.69,177.66504414498,91.485,10.7,17.1,43.1360332294912,"CC","L",3,4,2,0,"Feather","Triangular_Asymmetric","Backed Flake",60,115,2.30994152046784,0.00960927449977527,0.431764770180904
"Disc_10_31","Disc_10","D",27.1,28.4,0.954225352112676,5.3,5.5,4.92727272727273,769.64,145.215094339623,-3.80422554931385,0.163299316185545,0.0308111917331218,4.04,168.117970446689,75.555,6.9,21.9,10.1864866653431,"CX","L",5,5,4,0,"Feather","Trapezoidal","Flake",70,122,1.05479452054795,0.0126295460540358,0.30573754218781
"Disc_10_33","Disc_10","D",39.2,27.6,1.42028985507246,4.86666666666667,6.6,4.18181818181818,1081.92,222.312328767123,0.58464573845711,1.2684198393627,0.260634213567677,4.27,163.517498572624,23.14,5.2,8.9,46.7554019014693,"CX","L",5,5,3,0,"Feather","Triangular","Flake",61,114,2.31460674157303,0.061378126839778,0.890233362143475
"HD_01_01","H_Discoid_1","HD",65.2,39.4,1.65482233502538,15.2333333333333,17.1,2.30409356725146,2568.88,168.635448577681,13.6439628574394,2.16384431561566,0.142046672797527,30.63,176.483818587213,35.175,6.7,10.5,73.0314143567875,"CX","L",4,5,2,0,"Feather","Trapezoidal_Asymmetric","Backed Flake",55,126,3.01904761904762,0.0470454110881416,0.901208244491826
"HD_01_02","H_Discoid_1","HD",41.7,50,0.834,9.6,12,3.475,2085,217.1875,24.095663594315,2.53113940087595,0.263660354257912,19.1,179.450395982297,174.33,7.8,26.7,11.960075718465,"RT","C",5,5,3,0,"Feather","Trapezoidal_Asymmetric","Backed Flake",64,119,1.60299625468165,0.00478403028738599,0.245511386450984
"HD_01_03","H_Discoid_1","HD",39.9,27.4,1.45620437956204,5.1,5.2,5.26923076923077,1093.26,214.364705882353,-8.74250340272876,0.0816496580927727,0.0160097368809358,6.3,170.789944324976,42.84,2.8,18,25.5196078431373,"CX","L",5,5,3,0,"Feather","Triangular","Flake",70,109,1.23333333333333,0.0339916988693288,0.518207282913165
"HD_01_04","H_Discoid_1","HD",73.5,57.9,1.26943005181347,15.3333333333333,19.8,2.92424242424242,4255.65,277.542391304348,-11.1895949188766,3.18468557666565,0.207696885434716,68.04,162.402009603927,102.15,9,22.7,41.6607929515419,"RT","L",4,3,4,0,"Plunging","Triangular","Flake",74,110,1.39647577092511,0.0124271174920555,0.310327949094469
"HD_01_05","H_Discoid_1","HD",48.9,33.8,1.44674556213018,10.1666666666667,12.9,2.62015503875969,1652.82,162.572459016393,-3.27984399851722,1.93275853524323,0.19010739690917,22.91,173.431339734277,135.7,9.2,19.7,12.1799557848195,"CX","MF",5,5,2,1,"Feather","Trapezoidal_Asymmetric","Backed Flake",80,95,1.39593908629442,0.0106613527054545,0.202652910832719
"HD_01_06","H_Discoid_1","HD",50.5,37.4,1.35026737967914,5.7,6.6,5.66666666666667,1888.7,331.350877192982,-2.38225352028171,1.06770782520313,0.187317162316339,10.35,175.00473198312,36.38,6.8,10.7,51.9158878504673,"RT","L",5,5,3,0,"Feather","Triangular","Flake",80,101,2.44859813084112,0.0371156508982723,0.720175920835624
"HD_01_07","H_Discoid_1","HD",64.9,42.2,1.53791469194313,15.4,17.7,2.38418079096045,2738.78,177.842857142857,5.8216756523355,2.7067816067549,0.175765039399669,42.76,177.174365969053,130.82,12.4,21.1,20.9354838709677,"CC","C",5,5,4,0,"Feather","Triangular_Asymmetric","Backed Flake",66,121,1.60663507109005,0.0117559600362569,0.259134688885491
"HD_01_09","H_Discoid_1","HD",37.5,69.7,0.538020086083214,8.96666666666667,11.1,3.37837837837838,2613.75,291.496282527881,-19.856479026075,2.73901847788988,0.305466744746084,19.9,178.355818905782,209.625,7.5,34.5,12.4686940966011,"CX","C",2,2,3,0,"Feather","Trapezoidal","Flake",58,125,1.09855072463768,0.00256658359491098,0.180799045915325
"HD_01_10","H_Discoid_1","HD",56.5,32.5,1.73846153846154,10.8666666666667,13,2.5,1836.25,168.980061349693,10.9189473844074,1.51070255914995,0.139021707897235,20.68,162.006374338612,56.5486677646163,4.5,16,32.4720293613881,"RT","C",2,2,2,0,"Feather","Triangular","Flake",49,134,1.8,0.030742749691255,0.509295817894065
"HD_01_11","H_Discoid_1","HD",91.2,55.3,1.64918625678119,13.6,14.4,3.84027777777778,5043.36,370.835294117647,1.94736642381559,0.92736184954957,0.0681883712904096,81.74,175.474298134672,229.62,12.9,35.6,21.9639404233081,"BF","D",1,1,0,0,"Plunging","Triangular","Flake",78,115,1.37359550561798,0.00718224134126467,0.212960543506663
"HD_02_04","H_Discoid_2","HD",67,48.7,1.37577002053388,6.56666666666667,9.5,5.12631578947368,3262.9,496.888324873096,1.79569086752317,2.2939534045447,0.349333005768229,25.53,169.710548851277,74,8,18.5,44.0932432432432,"CC","L",1,1,0,0,"Feather","Triangular_Asymmetric","Backed Flake",72,110,2.21081081081081,0.0185914867639714,0.552702702702703
"HD_02_05","H_Discoid_2","HD",44.9,54,0.831481481481481,12.1,16.6,2.70481927710843,2424.6,200.380165289256,-21.1930794255718,4.41588043316392,0.36494879612925,26.29,170.278606521093,85.56,9.2,18.6,28.3380084151473,"CC","MF",3,2,1,0,"Feather","Triangular_Asymmetric","Backed Flake",72,110,1.83333333333333,0.00971810988173774,0.398550724637681
"HD_02_06","H_Discoid_2","HD",62.5,59.8,1.04515050167224,10.9333333333333,12.3,4.86178861788618,3737.5,341.844512195122,0.183346337986431,1.7931970208417,0.164011922637961,43.44,169.705031670667,149.175,6.5,27.2,25.0544662309368,"RT","C",3,2,3,0,"Feather","Trapezoidal_Asymmetric","Backed Flake",65,115,1.30514705882353,0.00700620413388464,0.237975532093179
"HD_02_07","H_Discoid_2","HD",46.7,44,1.06136363636364,6.66666666666667,9.3,4.73118279569892,2054.8,308.22,2.94388903145539,1.89795211273157,0.284692816909735,13.43,171.642373595827,95.04,8.8,21.6,21.6203703703704,"CC","L",5,5,2,0,"Hinge","Triangular","Flake",69,100,1.5,0.0111675466789103,0.340909090909091
"HD_02_08","H_Discoid_2","HD",46.1,28.2,1.63475177304965,7.23333333333333,10.2,2.76470588235294,1300.02,179.726267281106,-3.23057609694931,2.33285709425636,0.322514805657561,8.41,173.530274275995,76.23,6.6,16.5,17.0539157811885,"CX","L",4,2,2,0,"Feather","Triangular","Flake",63,111,1.13333333333333,0.0214449924314528,0.245310245310245
"HD_02_09","H_Discoid_2","HD",61.5,56.5,1.08849557522124,10,11.9,4.74789915966387,3474.75,347.475,-4.26648095722926,2.54689353265241,0.254689353265241,29.64,174.742835117305,120.5,24.1,10,28.8360995850622,"BF","D",5,5,4,0,"Feather","Triangular","Flake",76,109,3.6,0.00903315830059119,0.298755186721992
"HD_02_10","H_Discoid_2","HD",71.1,50.8,1.3996062992126,9.43333333333333,10.9,4.6605504587156,3611.88,382.88480565371,1.69215739947824,1.42672897060218,0.151243353774083,25.76,159.477344425606,63.92,6.8,11.5,56.5062578222778,"RT","L",5,5,4,0,"Feather","Triangular_Asymmetric","Backed Flake",70,110,1.96521739130435,0.0218962186985701,0.353566958698373
"HD_03_01","H_Discoid_3","HD",74,44.5,1.66292134831461,12.7,14.7,3.02721088435374,3293,259.291338582677,7.49966656434404,1.55777619273972,0.122659542735411,45.23,179.070858890032,199.555,10.7,25,16.5017163188094,"CX","L",5,5,3,0,"Feather","Triangular_Asymmetric","Backed Flake",65,110,1.6,0.00833314799586383,0.200445992332941
"HD_03_02","H_Discoid_3","HD",69.8,45.2,1.54424778761062,9.76666666666667,13.4,3.37313432835821,3154.96,323.033447098976,7.62270148910371,3.06630432642003,0.313956074377478,28.66,172.437168743798,62.7,4.4,20.7,50.318341307815,"CX","L",4,4,3,0,"Feather","Triangular","Flake",56,118,1.52173913043478,0.0246291513175537,0.502392344497608
"HD_03_03","H_Discoid_3","HD",83,41.7,1.99040767386091,12.4666666666667,14.2,2.93661971830986,3461.1,277.628342245989,-5.1049186621412,1.4290634073484,0.114630754600139,39.97,172.53410862157,53.295,5.7,14.9,64.9423022797636,"RT","L",5,5,5,0,"Feather","Triangular_Asymmetric","Backed Flake",65,110,1.75167785234899,0.0373469870318212,0.489726991274979
"HD_03_04","H_Discoid_3","HD",74.1,45,1.64666666666667,6.96666666666667,9.3,4.83870967741935,3334.5,478.636363636364,10.0262275100716,2.05480466765633,0.294948038419568,26.89,161.278716444456,30.21,5.3,11.4,110.377358490566,"RT","L",5,5,4,0,"Feather","Trapezoidal_Asymmetric","Backed Flake",75,108,3.25438596491228,0.0545073375262054,1.2280701754386
"HD_03_05","H_Discoid_3","HD",40.4,42.7,0.946135831381733,4.2,5.4,7.48148148148148,1725.08,410.733333333333,4.96064219535427,1.3589211407093,0.323552652549834,6.93,179.432710420054,67.92,4.8,28.3,25.3987043580683,"BF","D",5,5,2,0,"Feather","Circular","Flake",83,100,1.1660777385159,0.0139301506387181,0.485865724381625
"HD_03_06","H_Discoid_3","HD",47.2,48,0.983333333333333,15.0333333333333,19.9,2.37185929648241,2265.6,150.705099778271,-19.2394555993977,4.17718671941881,0.277861644307238,37.34,181.45675082753,110.16,10.8,20.4,20.5664488017429,"CC","L",5,5,4,0,"Feather","Triangular","Flake",75,122,1.36764705882353,0.00892641007020092,0.253267973856209
"HD_03_07","H_Discoid_3","HD",45,40,1.125,5.96666666666667,8.1,4.93827160493827,1800,301.675977653631,10.5380804364541,1.61314048434171,0.270358740392466,8.66,175.923915653477,43.3539786195391,4,13.8,41.5186808065814,"RT","L",5,5,3,0,"Feather","Triangular","Flake",74,105,1.97826086956522,0.0259491755041134,0.629699992233151
"HD_03_08","H_Discoid_3","HD",74.2,43.8,1.69406392694064,7.16666666666667,8.5,5.15294117647059,3249.96,453.482790697674,-16.1088288927635,1.06249183003395,0.148254673958225,15.36,167.284435839182,41.8,5.5,15.2,77.7502392344498,"CX","L",5,5,4,0,"Feather","Triangular","Flake",76,108,0.993421052631579,0.0405278451421206,0.361244019138756
"HD_03_09","H_Discoid_3","HD",60.8,58.5,1.03931623931624,7.83333333333333,8.9,6.57303370786517,3556.8,454.059574468085,-3.01487151754994,0.758653778449403,0.0968494185254557,23.1,160.593352349232,15.3388261311522,3.1,6.3,231.882151188634,"CX","L",2,2,1,0,"Feather","Circular","Flake",80,106,5.61904761904762,0.0677572214737772,2.30786891365206
"HD_03_10","H_Discoid_3","HD",50.6,54.3,0.931860036832413,13.3333333333333,19.4,2.60824742268041,2747.58,206.0685,-7.68827115258477,4.78632310744781,0.358974233058586,48.01,172.288562740761,78.57,5.4,22.1,34.9698358151966,"CX","C",2,2,1,0,"Feather","Circular","Flake",59,140,2,0.0118602524733666,0.562555682830597
"HD_04_01","H_Discoid_4","HD",66.8,40.8,1.63725490196078,9.4,10.5,3.88571428571429,2725.44,289.940425531915,-5.91302292985282,1.41656862405839,0.150698789793445,25.98,170.716379374249,108.102203210025,6.2,22.2,25.2116970706408,"CX","L",5,5,4,0,"Feather","Trapezoidal_Asymmetric","Backed Flake",67,115,1.51801801801802,0.0151454350914557,0.311742027445328
"HD_04_02","H_Discoid_4","HD",84.4,46,1.83478260869565,15.1333333333333,17.4,2.64367816091954,3882.4,256.546255506608,4.41041060055239,1.6539514973407,0.109291949163483,78.35,166.634223393069,108,12,18,35.9481481481481,"CX","L",4,3,5,0,"Feather","Trapezoidal_Asymmetric","Backed Flake",69,110,2,0.0169887278582931,0.333333333333333
"HD_04_03","H_Discoid_4","HD",39.6,48.5,0.816494845360825,13,17.2,2.30232558139535,1920.6,147.738461538462,13.251749411235,3.00998338865848,0.23153718374296,20.57,176.526465230786,26.145,6.3,8.3,73.4595524956971,"CX","L",5,5,3,0,"Feather","Triangular_Asymmetric","Backed Flake",70,114,4.30120481927711,0.031229483471441,1.36546184738956
"HD_04_04","H_Discoid_4","HD",49.8,38.1,1.30708661417323,5.83333333333333,7.5,5.08,1897.38,325.265142857143,-2.64572040349788,1.38884444373331,0.23808761892571,10.97,176.777701633375,22.5487812711407,3.3,8.7,84.1455676555069,"RT","L",5,5,2,0,"Feather","Trapezoidal_Asymmetric","Backed Flake",71,115,2.96551724137931,0.0579670625412521,1.14418600676305
"HD_04_05","H_Discoid_4","HD",59.7,38.2,1.56282722513089,6.56666666666667,7.5,5.09333333333333,2280.54,347.290355329949,-11.0029360711598,1.24988888395018,0.190338408723377,17.95,173.081568440176,92.96,5.6,23.3,24.532487091222,"CC","L",5,5,4,0,"Feather","Trapezoidal","Flake",68,110,1.1931330472103,0.0168118247109605,0.299053356282272
"HD_04_06","H_Discoid_4","HD",81.7,49.1,1.66395112016293,14.6666666666667,19.3,2.5440414507772,4011.47,273.509318181818,7.00421154731466,3.43155293643498,0.233969518393294,48.31,167.325384366372,143.22,9.3,21.8,28.0091467672113,"CC","L",4,3,3,0,"Feather","Triangular_Asymmetric","Backed Flake",75,114,1.52752293577982,0.011618147745866,0.232509426057813
"HD_04_07","H_Discoid_4","HD",86.6,84.5,1.02485207100592,10.8333333333333,11.5,7.34782608695652,7317.7,675.48,11.9973474119022,0.498887651569859,0.0460511678372177,50.75,178.412024565179,97.16,5.6,24.1,75.3159736517085,"CX","C",3,2,2,0,"Feather","Trapezoidal_Asymmetric","Backed Flake",76,114,1.86721991701245,0.0105480863627616,0.46315356113627
"HD_04_08","H_Discoid_4","HD",51.4,36.8,1.39673913043478,11.2666666666667,14,2.62857142857143,1891.52,167.886390532544,2.89761235251553,2.33285709425636,0.207058321975416,20.51,175.985424784306,221.88,12.9,34.4,8.52496845141518,"CX","MF",5,5,3,0,"Feather","Triangular","Flake",70,104,0.997093023255814,0.00629502041840086,0.154588065621056
"HD_04_09","H_Discoid_4","HD",82.1,54.2,1.51476014760148,12.5666666666667,15.6,3.47435897435897,4449.82,354.097082228117,0.488511604065083,3.22524762184584,0.256651004390915,55.89,176.369821013854,215.45,13.9,31,20.6536087259225,"CC","L",3,2,3,0,"Hinge","Triangular","Flake",60,120,1.36774193548387,0.0070306806572359,0.196797400789046
"HD_04_10","H_Discoid_4","HD",52.8,42.8,1.23364485981308,8.1,10.7,4,2259.84,278.992592592593,-18.5020591441553,1.84571575998762,0.227866143208348,19.38,169.991309316489,10.8384946548848,2.3,6,208.501279186544,"RT","L",3,2,1,0,"Hinge","Triangular","Flake",70,115,4.3,0.113820682585021,2.380404366244
"HD_04_11","H_Discoid_4","HD",81,65.4,1.23853211009174,19.8666666666667,26.5,2.46792452830189,5297.4,266.647651006711,-5.08960875962619,5.83457129720961,0.293686474691759,121.41,179.434111157867,241.022988383409,11.2,27.4,21.9788163590982,"CC","L",1,1,0,0,"Feather","Circular","Flake",59,124,1.6021897810219,0.00513864722364798,0.18214030244354
"HD_04_12","H_Discoid_4","HD",56.4,31.7,1.77917981072555,10.1666666666667,12.9,2.45736434108527,1787.88,175.857049180328,-5.68427576731133,2.99369708257569,0.294462008122199,18.2,163.635984235555,106.605,10.3,20.7,16.771070775292,"CC","C",4,4,1,0,"Feather","Triangular_Asymmetric","Backed Flake",61,121,1.14492753623188,0.016689459319221,0.222316026452793
"HD_04_13","H_Discoid_4","HD",50.5,21.1,2.39336492890995,7.63333333333333,8.2,2.57317073170732,1065.55,139.591703056769,0.113456952061027,0.664997911442,0.0871176303199126,8.52,171.360957367305,38.43,6.1,12.6,27.7270361696591,"CX","L",1,1,0,0,"Feather","Triangular","Flake",80,101,1.46825396825397,0.0622785565680446,0.481394743689826
"HD_05_01","H_Discoid_5","HD",72.3,51.7,1.39845261121857,13.6,15.2,3.40131578947368,3737.91,274.846323529412,0.8717032055409,1.66733320005331,0.122598029415684,49.28,146.436934131283,104.49,5.4,22.5,35.7728969279357,"RT","L",5,5,5,0,"Hinge","Triangular","Flake",75,112,1.99111111111111,0.0133836023659543,0.428749162599292
"HD_05_02","H_Discoid_5","HD",47.8,70.2,0.680911680911681,10.4333333333333,11.3,4.23008849557522,3355.56,321.619169329073,-22.9905102075868,0.618241233033047,0.0592563482140301,33.18,177.428088686556,21.06,5.4,7.8,159.333333333333,"RT","L",5,5,4,0,"Feather","Triangular","Flake",85,101,4.1025641025641,0.0323319886472783,1.51946818613485
"HD_05_03","H_Discoid_5","HD",68,34,2,13.4333333333333,16.7,2.03592814371257,2312,172.109181141439,-3.53773258736649,2.61448954015034,0.194627012914418,36.2,177.303230330787,140.315,13.3,21.1,16.4772119873143,"CC","L",4,3,3,0,"Feather","Trapezoidal_Asymmetric","Backed Flake",74,97,1.32701421800948,0.0142536435876421,0.199551010226989
"HD_05_04","H_Discoid_5","HD",45.5,76,0.598684210526316,9.8,11.6,3.92241379310345,3458,352.857142857143,-23.9131684862983,1.27540843131393,0.130143717481013,37.16,179.700413542212,110.37,7.8,28.3,31.3309776207303,"RT","MF",2,2,1,0,"Hinge","Trapezoidal_Asymmetric","Backed Flake",85,97,1.49116607773852,0.00542433823073585,0.382350276343209
"HD_05_05","H_Discoid_5","HD",66.6,38.4,1.734375,11.4666666666667,13.7,2.8029197080292,2557.44,223.032558139535,7.90218236826996,3.01809358517739,0.263205835916632,33.33,179.311754132738,209.185,10.7,26.1,12.2257332026675,"CX","C",1,1,0,0,"Feather","Triangular_Asymmetric","Backed Flake",82,109,1.20689655172414,0.00829110595884026,0.150584410928126
"HD_05_06","H_Discoid_5","HD",57.2,74.6,0.766756032171582,12.9,14.4,3.97222222222222,4267.12,330.784496124031,-25.2440880043511,1.77951304200522,0.137946747442265,54.75,178.46793600953,117.81,15.3,15.4,36.2203548085901,"CC","L",2,2,1,0,"Hinge","Trapezoidal_Asymmetric","Backed Flake",60,115,2.42207792207792,0.00650841212266855,0.316611493082081
"HD_05_07","H_Discoid_5","HD",56.5,57.2,0.987762237762238,11,14.3,3.95104895104895,3231.8,293.8,-8.69782585189101,4.31817862838798,0.392561693489816,39.9,180,232.47,12.3,13,13.9020088613585,"CC","L",1,1,0,0,"Feather","Triangular_Asymmetric","Backed Flake",50,130,3.56923076923077,0.00424898798882539,0.199595646750118
"HD_05_08","H_Discoid_5","HD",63.3,61,1.03770491803279,16.9333333333333,23.8,2.56302521008403,3861.3,228.029527559055,-24.1647870553032,6.08896999134957,0.359584842008833,74.29,175.653213270715,103,10.3,20,37.4883495145631,"CX","C",1,1,0,0,"Feather","Trapezoidal_Asymmetric","Backed Flake",71,121,1.64,0.0100748050294445,0.318446601941748
"HD_06_01","H_Discoid_6","HD",40.7,45,0.904444444444444,10.9,16.8,2.42261904761905,1831.5,168.02752293578,-7.12096106983376,4.7377913278939,0.434659754852652,17.2,174.903685781247,84.7,12.1,14,21.6233766233766,"CC","L",5,5,2,0,"Feather","Triangular_Asymmetric","Backed Flake",50,110,2.01428571428571,0.0106782106782107,0.332939787485242
"HD_06_02","H_Discoid_6","HD",47.4,42.3,1.12056737588652,10.7333333333333,11.3,3.74336283185841,2005.02,186.803105590062,-1.13555485447316,0.664997911442,0.0619563271529814,25.46,170.896182675507,85.36,4.4,24.4,23.4889878163074,"RT","L",5,5,4,0,"Feather","Trapezoidal_Asymmetric","Backed Flake",57,121,1.4016393442623,0.0131275465778646,0.400656044985942
"HD_06_03","H_Discoid_6","HD",49.7,36,1.38055555555556,16.2666666666667,20,1.8,1789.2,109.991803278689,-8.72881355624176,3.23968448395142,0.199160931390456,29.49,172.814616881026,29.64,7.6,7.8,60.3643724696356,"RT","L",5,5,4,0,"Feather","Triangular_Asymmetric","Backed Flake",75,130,2.91025641025641,0.0465774478932374,0.765856950067476
"HD_06_04","H_Discoid_6","HD",33.2,43.2,0.768518518518518,6.8,7.7,4.31168831168831,1434.24,210.917647058824,-14.6276500892109,0.778888096369862,0.114542367113215,8.93,180,44.24,5.6,15.8,32.4195298372514,"CC","L",5,5,3,0,"Hinge","Trapezoidal","Flake",71,120,2.09493670886076,0.0173715759158797,0.748191681735985
"HD_06_05","H_Discoid_6","HD",66.2,40.2,1.64676616915423,17.6666666666667,20.1,2,2661.24,150.636226415094,-0.259648103287597,1.72497987105808,0.0976403700598914,43.24,170.631865077414,304.2,13,26.6,8.7483234714004,"CX","L",1,1,0,0,"Feather","Triangular_Asymmetric","Backed Flake",73,129,1.18796992481203,0.00541343250872528,0.10387902695595
"HD_06_06","H_Discoid_6","HD",46,46.7,0.985010706638116,8.56666666666667,11.5,4,2148.2,250.762645914397,13.6197375218267,3.14783876475414,0.367451995885698,19.98,176.884122080123,206.25,11,19.7,10.4155151515152,"CC","L",2,2,1,0,"Feather","Circular","Flake",55,120,2.08629441624365,0.00477580948673026,0.199272727272727
"HD_06_07","H_Discoid_6","HD",77.5,34.3,2.25947521865889,9.93333333333333,12.2,2.81147540983607,2658.25,267.609060402685,7.16187400032845,1.63571255285137,0.164669048944769,21.15,170.813068122652,79.2,9,17.6,33.5637626262626,"RT","L",1,1,0,0,"Feather","Triangular_Asymmetric","Backed Flake",59,126,1.47727272727273,0.0285287275083193,0.328282828282828
"HD_06_08","H_Discoid_6","HD",66.4,42.4,1.56603773584906,10.8666666666667,12,3.53333333333333,2815.36,259.082208588957,-6.24581346604907,0.865383665716478,0.0796365336548906,37.41,166.925833484949,159.12,7.8,24.2,17.693313222725,"CX","L",3,3,3,0,"Feather","Trapezoidal_Asymmetric","Backed Flake",65,121,1.14876033057851,0.00984186611267633,0.174710910005028
"HD_06_09","H_Discoid_6","HD",42.1,37.2,1.13172043010753,9.93333333333333,12.3,3.02439024390244,1566.12,157.663087248322,-14.9917152794597,2.60810701893581,0.26256110928884,13.24,178.608131244805,58.8,10.5,11.2,26.634693877551,"RT","L",5,5,3,0,"Feather","Triangular","Flake",75,103,1.64285714285714,0.0192469460902641,0.312925170068027
"HD_06_10","H_Discoid_6","HD",91,61.5,1.47967479674797,17.0666666666667,21.2,2.90094339622642,5596.5,327.919921875,0.485554547533644,4.63129451545557,0.271364913014975,105.16,170.998742079431,225.75,15,30.1,24.7906976744186,"CX","L",3,2,5,0,"Feather","Triangular","Flake",79,111,1.45514950166113,0.00655448414949266,0.194019933554817
"HD_07_01","H_Discoid_7","HD",61.2,32.5,1.88307692307692,10.7,13.8,2.35507246376812,1989,185.88785046729,10.2706700110263,2.57293606605372,0.24046131458446,23.15,177.378167113091,68.085,5.1,18.2,29.2134831460674,"CX","L",5,5,3,0,"Feather","Triangular_Asymmetric","Backed Flake",74,119,1.54945054945055,0.0276577355229041,0.41418814716898
"HD_07_02","H_Discoid_7","HD",31.3,42.6,0.734741784037559,3.26666666666667,4.2,7.45238095238095,1333.38,408.177551020408,-21.1418480548449,0.82192186706253,0.25160873481506,4.63,178.385927648861,53.28,3.7,18.1,25.0259009009009,"RT","L",5,5,3,0,"Feather","Trapezoidal","Flake",74,108,1.38674033149171,0.0137901986493536,0.471096096096096
"HD_07_03","H_Discoid_7","HD",44.9,25.5,1.76078431372549,4.5,5.3,4.81132075471698,1144.95,254.433333333333,4.20915432835495,1.13137084989848,0.251415744421884,4.05,175.914829833452,11.1997778100476,2.3,6.2,102.229706644076,"RT","L",5,5,3,0,"Feather","Triangular","Flake",71,106,2.61290322580645,0.157216004066245,1.44645726680993
"HD_07_04","H_Discoid_7","HD",56.3,36.4,1.5467032967033,9.5,10.4,3.5,2049.32,215.717894736842,2.40366612890424,0.637704215656967,0.0671267595428386,19.39,177.996446940888,29.76,6.4,9.3,68.8615591397849,"RT","L",5,5,3,0,"Feather","Trapezoidal_Asymmetric","Backed Flake",60,122,3.16129032258064,0.0519725570128796,0.987903225806451
"HD_07_05","H_Discoid_7","HD",61.5,25.6,2.40234375,11.2,12.5,2.048,1574.4,140.571428571429,4.21234519664788,1.83847763108502,0.164149788489734,19.68,176.412238107149,150.75,6.7,25.8,10.4437810945274,"CX","L",5,5,3,0,"Feather","Trapezoidal_Asymmetric","Backed Flake",75,106,0.922480620155039,0.0159359452736318,0.15787728026534
"HD_07_06","H_Discoid_7","HD",74.1,63.2,1.17246835443038,12.8666666666667,17.4,3.63218390804598,4683.12,363.973056994819,-14.3832454441032,3.56121078036982,0.276778039925116,51.96,177.215851733837,47.58,5.2,18.3,98.4262295081967,"BF","D",5,5,4,0,"Feather","Triangular","Flake",84,106,2.14207650273224,0.0246420419174102,0.823875577973939
"HD_07_07","H_Discoid_7","HD",41.1,49.4,0.831983805668016,5,5.5,7.47272727272727,2030.34,406.068,0.551978192422052,0.571547606649408,0.114309521329882,11.74,179.55841184487,37.8,3.6,12.6,53.7126984126984,"RT","L",5,5,3,0,"Feather","Trapezoidal_Asymmetric","Backed Flake",72,115,2.44444444444444,0.022010153589101,0.814814814814815
"HD_07_08","H_Discoid_7","HD",36.7,37.3,0.983914209115282,7.26666666666667,9.5,3.86315789473684,1368.91,188.382110091743,-1.63267079612801,1.88030730348939,0.258757885801293,8.34,180,14.405,4.3,6.7,95.0301978479695,"RT","L",5,5,2,0,"Feather","Triangular_Asymmetric","Backed Flake",72,115,3.73134328358209,0.0683036590847124,1.73550850399167
"HD_07_09","H_Discoid_7","HD",62.3,39.2,1.58928571428571,9.86666666666667,13.6,2.88235294117647,2442.16,247.516216216216,3.99777919657272,2.81582827759238,0.285388001107336,27.54,163.542852725427,196.88,9.2,27.6,12.4043071921983,"BF","D",3,2,3,0,"Feather","Triangular","Flake",79,120,1.18840579710145,0.00807235734602659,0.166598943518895
"HD_07_10","H_Discoid_7","HD",75.8,41.1,1.84428223844282,19.6,24.9,1.65060240963855,3115.38,158.947959183674,8.90144821103707,3.93022476032436,0.20052167144512,52.98,163.870041347124,82.08,10.8,15.2,37.9554093567251,"CX","L",4,2,4,0,"Feather","Triangular_Asymmetric","Backed Flake",70,120,2.08552631578947,0.0224693255170909,0.386208576998051
"HD_07_11","H_Discoid_7","HD",38.2,34.4,1.11046511627907,8.56666666666667,10.9,3.15596330275229,1314.08,153.394552529183,16.9735080194191,2.05480466765633,0.239860467041594,9.98,180,109.2,11.2,19.5,12.0336996336996,"CX","C",3,2,1,0,"Hinge","Triangular","Flake",63,110,1.73846153846154,0.0101690944714201,0.31043956043956
"HD_07_12","H_Discoid_7","HD",49.8,39.2,1.27040816326531,5.33333333333333,6.8,5.76470588235294,1952.16,366.03,19.3721197557243,1.37194104181711,0.257238945340709,10.47,172.164301495422,57.2,5.2,22,34.1286713286713,"RT","L",3,2,2,0,"Feather","Triangular","Flake",64,114,1.73181818181818,0.0222099329242186,0.666083916083916
"HD_07_13","H_Discoid_7","HD",58.9,37.9,1.55408970976253,6.5,7.5,5.05333333333333,2232.31,343.432307692308,4.71155290298541,1.27540843131393,0.196216681740605,7.43,177.098327930212,14.74,2.2,8.8,151.445725915875,"CX","C",2,2,1,0,"Feather","Triangular","Flake",70,116,2.07954545454545,0.105433494556481,1.2415196743555
"HD_07_14","H_Discoid_7","HD",78.8,82.4,0.95631067961165,17.5666666666667,21.9,3.59817351598174,6493.12,369.627324478178,-6.76041921509747,5.50413985610427,0.313328644560015,133.05,179.731949080625,611.25,15,54.7,10.622691206544,"CX","C",1,1,0,0,"Feather","Trapezoidal","Flake",64,122,1.3180987202925,0.00156451644926241,0.117955010224949
"Lev_04_01","Lev_04","L",63.1,37.9,1.66490765171504,5.1,7.3,5.19178082191781,2391.49,468.919607843137,6.07799784310792,1.97989898732233,0.388215487710261,14.55,170.169421985883,112.56,5.6,25.5,21.2463574982232,"CX","MF",5,5,3,0,"Feather","Trapezoidal","Flake",85,94,1.28627450980392,0.0147912904381222,0.291400142146411
"Lev_04_02","Lev_04","L",46.4,31.3,1.48242811501597,5.53333333333333,7.5,4.17333333333333,1452.32,262.467469879518,5.05948335643684,1.77451088722749,0.32069473865557,9.43,173.076586220536,124.46,9.8,25.4,11.6689699501848,"CX","MF",5,5,3,0,"Feather","Triangular","Flake",72,110,1.18897637795276,0.0119108799213882,0.242648240398522
"Lev_04_04","Lev_04","L",31.5,34.8,0.905172413793104,4.53333333333333,6.6,4.77272727272727,1096.2,241.808823529412,15.1892867371829,1.63571255285137,0.36081894548192,4.78,167.583129740862,31.2,4.8,13,35.1346153846154,"BF","D",5,5,3,0,"Feather","Triangular_Asymmetric","Pseudo-Point",75,98,2.22307692307692,0.0290119363395226,0.926282051282051
"Lev_04_05","Lev_04","L",44.2,35.4,1.24858757062147,3.9,6,5.9,1564.68,401.2,10.2478593081096,1.55134350376268,0.397780385580174,4.96,169.246583002072,110.411273810413,6.6,21.3,14.1713789362371,"BF","D",5,5,2,1,"Feather","Triangular","Flake",70,109,1.14084507042254,0.0113085152225072,0.220086220920931
"Lev_04_06","Lev_04","L",39.5,44.1,0.895691609977324,4.86666666666667,7.3,5.41095890410959,1741.95,357.934931506849,2.03052394334227,2.00055547841649,0.411073043510237,9.14,172.446352240565,71.82,5.4,16.4,24.2543859649123,"BF","D",5,5,4,0,"Feather","Trapezoidal","Flake",73,112,2.57926829268293,0.0124713395986818,0.588972431077694
"Lev_04_07","Lev_04","L",27.4,31.5,0.86984126984127,2.9,4,6.85,863.1,297.620689655172,-9.80411584070135,0.941629792788369,0.324699928547713,2.73,173.300906004773,13.1946891450771,2.4,7,65.412681610769,"RT","L",5,5,3,0,"Feather","Trapezoidal","Flake",85,97,3.62857142857143,0.0659235894288425,1.92501693073054
"Lev_04_08","Lev_04","L",33.2,26.4,1.25757575757576,1.8,2.3,11.4782608695652,876.48,486.933333333333,-15.607337306508,0.408248290463863,0.226804605813257,1.82,168.223521520128,9.848892969004,1.9,6.6,88.9927429162261,"RT","L",5,5,1,0,"Feather","Circular","Flake",89,94,2.56060606060606,0.127687016351335,1.71592889202745
"Lev_04_09","Lev_04","L",42.1,36.7,1.14713896457766,7.76666666666667,10.3,3.56310679611651,1545.07,198.936051502146,2.31329200493923,2.65497436689865,0.341842193162916,13.17,178.366755562772,79.2,7.2,22,19.5084595959596,"CX","L",1,1,0,0,"Feather","Circular","Flake",55,112,1.43181818181818,0.0144840778355765,0.397727272727273
"Lev_04_10","Lev_04","L",41.5,41.3,1.00484261501211,6.23333333333333,8.4,4.91666666666667,1713.95,274.965240641711,-16.0475329178524,2.15148527508066,0.345158065520961,12.22,175.026644588844,39.78,5.2,15.3,43.0857214680744,"CX","L",2,3,1,0,"Feather","Circular","Flake",56,114,1.8562091503268,0.0252599953497262,0.713926596279537
"Lev_04_11","Lev_04","L",44.6,37.3,1.19571045576408,3.33333333333333,3.7,10.0810810810811,1663.58,499.074,-10.1223932408897,0.262466929133727,0.0787400787401181,6.6,170.730316740005,44.28,3.6,12.3,37.5695573622403,"RT","MF",3,3,3,0,"Feather","Trapezoidal","Flake",85,96,1.75609756097561,0.0270033978266503,0.487804878048781
"Lev_04_12","Lev_04","L",31.9,33.5,0.952238805970149,4.9,6.6,4.83333333333333,1068.65,218.091836734694,-16.7627960427299,1.68720676464584,0.344327911152211,5.22,179.281548210052,85.14,6.6,18.5,12.5516795865633,"CX","MF",2,3,2,0,"Feather","Triangular","Flake",88,86,1.27567567567568,0.0111843881368352,0.277190509748649
"Lev_04_13","Lev_04","L",33,36.1,0.914127423822715,6.03333333333333,7.2,4.58333333333333,1191.3,197.453038674033,-3.99172685793288,1.1323525167642,0.187682737585227,8.76,178.610943376592,9.07134878724053,2.1,5.5,131.325564471255,"RT","L",2,2,1,0,"Hinge","Circular","Flake",58,122,6,0.100770838522767,3.63782727067189
"Lev_04_14","Lev_04","L",33.8,32.1,1.05295950155763,7,8.5,3.77647058823529,1084.98,154.997142857143,5.75862823463443,1.52970585407784,0.218529407725405,7.88,175.929950437594,55.44,4.8,11.6,19.5703463203463,"CX","L",2,1,2,0,"Feather","Circular","Flake",39,130,2.30172413793103,0.0189927760021218,0.481601731601732
"Lev_04_15","Lev_04","L",29.9,38,0.786842105263158,5.36666666666667,6.8,4.39705882352941,1136.2,211.714285714286,-18.2403381372645,1.62138486760204,0.302121403901001,5.76,178.466911095323,15.0089589025252,2.1,9.1,75.7014532039818,"RT","L",1,1,0,0,"Feather","Circular","Flake",60,113,2.63736263736264,0.05242482908863,1.59904495414149
"Lev_04_16","Lev_04","L",38.2,42.6,0.896713615023474,7.4,10.3,3.70873786407767,1627.32,219.908108108108,-6.14365378675727,2.59615099714943,0.350831215831005,14.28,173.393180024456,62.22,10.2,12.2,26.1542912246866,"CX","C",3,2,1,0,"Feather","Circular","Flake",61,110,2.68852459016393,0.0144119835265746,0.52716168434587
"Lev_04_17","Lev_04","L",35.4,45.2,0.783185840707964,7.13333333333333,8.5,4.16470588235294,1600.08,224.310280373832,-9.52728338145236,0.967241208569794,0.135594561949037,13.93,165.025191614621,23.4991130488517,3.4,8.8,68.0910805728556,"CX","C",2,1,2,0,"Feather","Trapezoidal","Flake",80,110,3.84090909090909,0.0333283149487311,1.4383521594936
"Lev_04_18","Lev_04","L",42.4,44,0.963636363636364,5.66666666666667,7.2,5.88888888888889,1865.6,329.223529411765,-7.95993430244007,1.35728487143349,0.239520859664733,13.08,173.506749092199,12.299335238804,2.9,5.4,151.682994550314,"RT","L",3,2,2,0,"Feather","Circular","Flake",79,115,5.83333333333333,0.078348654209873,2.56111402676613
"Lev_04_19","Lev_04","L",54.6,31.8,1.71698113207547,4.2,5.5,5.78181818181818,1736.28,413.4,11.4004062300686,1.3735598518691,0.327038059968834,7.53,170.745473386914,8,3.2,5,217.035,"CX","L",2,2,1,0,"Feather","Trapezoidal","Flake",61,120,5.56,0.214622641509434,3.475
"Lev_04_20","Lev_04","L",45.9,38.7,1.18604651162791,5.06666666666667,6.9,5.60869565217391,1776.33,350.591447368421,-19.8948796241099,1.32748718344933,0.262004049364998,9.87,170.491383279128,13.1868351634432,2.3,7.3,134.704800506219,"CX","MF",3,2,1,0,"Feather","Triangular","Flake",85,95,3.05479452054795,0.0899417105717596,1.69108051504432
"Lev_04_21","Lev_04","L",35.7,44,0.811363636363636,4.43333333333333,6.4,5.578125,1570.8,354.315789473684,16.4174563079328,1.48847423745107,0.335746068597987,7.17,161.217337116431,45.51,4.1,11.1,34.515491100857,"BF","D",5,5,3,0,"Feather","Trapezoidal","Flake",85,98,3.41441441441441,0.0178282495355666,0.832784003515711
"Lev_04_22","Lev_04","L",34.2,35,0.977142857142857,5.46666666666667,6.6,5.18181818181818,1197,218.963414634146,-9.02797691600252,0.939266853573691,0.171817107361041,7.39,174.635076736512,59,5,15.2,20.2881355932203,"CX","MF",5,5,4,0,"Feather","Trapezoidal","Flake",85,98,1.55263157894737,0.0165617433414044,0.4
"Lev_04_23","Lev_04","L",49,32.2,1.52173913043478,3.06666666666667,3.3,9.75757575757576,1577.8,514.5,-14.7678271057841,0.329983164553722,0.107603205832735,4.96,169.68239947487,4.29,2.2,3.9,367.785547785548,"CX","L",5,5,4,0,"Feather","Trapezoidal","Flake",88,93,4.66666666666667,0.354717746022094,4.24242424242424
"Lev_04_24","Lev_04","L",44.7,28.1,1.59074733096085,3.4,4.3,6.53488372093023,1256.07,369.432352941177,-15.541771745211,0.637704215656966,0.18756006342852,4.34,161.380998062672,8.98495498926681,2.6,4.4,139.797027531075,"CX","L",4,3,4,0,"Feather","Trapezoidal","Flake",85,93,3.54545454545454,0.177045664987874,1.73623574282068
"Lev_04_25","Lev_04","L",33.4,22.7,1.47136563876652,3,4,5.675,758.18,252.726666666667,9.41369991323471,0.711805216802087,0.237268405600696,2.73,175.193945979414,9.56614963018092,2.1,5.8,79.2565482781039,"CX","MF",5,5,3,0,"Hinge","Circular","Flake",84,91,3.89655172413793,0.15380959901823,2.36249702060876
"Lev_04_26","Lev_04","L",25.5,27.6,0.923913043478261,4.36666666666667,6.4,3.984375,703.8,161.175572519084,21.1036190123846,1.6739839372653,0.383355100137091,3.11,173.702369956336,9.33053018116169,2.2,5.4,75.4297972714316,"CX","L",5,5,2,0,"Hinge","Triangular","Flake",74,105,5.03703703703704,0.0990204227990858,2.91516124720509
"Lev_04_27","Lev_04","L",24.3,27.6,0.880434782608696,3.76666666666667,4.7,5.17021276595745,670.68,178.056637168142,-1.65038158590972,1.11455023315337,0.295898291987619,2.34,177.170003651261,23.5619449019234,3,10,28.4645432620993,"BF","D",5,5,2,0,"Feather","Trapezoidal","Flake",81,98,1.87,0.0373668127259233,0.793652649551585
"Lev_04_28","Lev_04","L",27.7,31.2,0.887820512820513,7.53333333333333,9.5,2.91578947368421,864.24,114.722123893805,-20.0631554647224,2.50377492776186,0.332359503685202,5.39,170.87968054601,54.34,4.4,14.7,15.9043062200957,"CX","C",2,2,1,0,"Feather","Triangular","Flake",78,111,1.38095238095238,0.0163382501439182,0.373573794626426
"Lev_04_29","Lev_04","L",36.3,32,1.134375,6.1,8.7,3.67816091954023,1161.6,190.426229508197,-14.1334594328022,2.12289111041209,0.348014936133129,6.53,178.105752134816,6.75442420521806,2,4.3,171.976169205159,"CX","C",3,3,2,0,"Feather","Triangular","Flake",78,94,5.02325581395349,0.167945477739413,3.1979039728232
"Lev_04_30","Lev_04","L",29.9,33.5,0.892537313432836,4.96666666666667,6.9,4.33333333333333,1001.65,201.674496644295,11.838432742611,1.59234278833283,0.32060593053681,6.43,166.913066147411,12.0951317163207,2,7.7,82.8143110379205,"CX","L",1,1,0,0,"Feather","Circular","Flake",49,130,3.58441558441558,0.0737931040658681,2.28190983342146
"Lev_12_01","Lev_12","L",79.7,58,1.37413793103448,7,8.4,6.9047619047619,4622.6,660.371428571429,1.97552079927962,1.01980390271856,0.145686271816937,26.16,172.651576143485,98.31,8.7,22.6,47.0206489675516,"CX","MF",5,5,4,0,"Feather","Trapezoidal","Flake",88,95,1.70796460176991,0.0139776007632436,0.392635540636761
"Lev_12_02","Lev_12","L",44.4,50,0.888,9.13333333333333,10.2,4.35294117647059,2220,243.065693430657,-6.95983500853944,1.23648246606609,0.135381291905047,20.95,187.236089779821,161.92,8.8,36.8,13.7104743083004,"CX","MF",5,5,3,0,"Feather","Trapezoidal","Flake",89,93,1.10869565217391,0.00548418972332016,0.25197628458498
"Lev_12_03","Lev_12","L",83.7,50,1.674,6.46666666666667,6.9,7.2463768115942,4185,647.164948453608,-7.31459937156071,0.329983164553722,0.0510283244155241,25.47,164.295316588,90.2,8.2,22,46.3968957871397,"CX","MF",5,5,5,0,"Feather","Trapezoidal","Flake",85,96,1.37272727272727,0.0185587583148559,0.334811529933481
"Lev_12_05","Lev_12","L",55.2,55.1,1.00181488203267,9.5,10.7,5.14953271028037,3041.52,320.16,2.55584933761956,1.23558353285671,0.130061424511233,25.11,174.707400221365,137.64,9.3,29.6,22.0976460331299,"RT","L",5,5,3,0,"Feather","Trapezoidal_Asymmetric","Backed Flake",80,100,1.33783783783784,0.00727851556257387,0.28770706190061
"Lev_12_06","Lev_12","L",64.9,63.4,1.02365930599369,10.0666666666667,12.7,4.99212598425197,4114.66,408.741059602649,-11.2279608661514,3.24174164437712,0.322027315666602,41.71,166.815694295566,128,10,25.6,32.14578125,"CX","MF",5,5,4,0,"Feather","Circular","Flake",85,100,1.546875,0.00799733832807571,0.309375
"Lev_12_07","Lev_12","L",42,49.1,0.855397148676171,6.3,6.6,6.36363636363636,2062.2,327.333333333333,3.26993422431647,0.244948974278318,0.0388807895679869,12.58,178.195259324612,3.74,2.2,3.4,551.390374331551,"CX","L",5,5,4,0,"Feather","Triangular_Asymmetric","Backed Flake",87,99,10.5588235294118,0.228715815154056,9.59893048128342
"Lev_12_08","Lev_12","L",53,61.3,0.864600326264274,14.1,15.9,3.33333333333333,3248.9,230.418439716312,8.60109643479793,1.46969384566991,0.10423360607588,44.39,171.919400249878,245.67,11.4,27,13.2246509545325,"RT","MF",2,2,1,0,"Feather","Triangular_Asymmetric","Backed Flake",76,115,1.65555555555556,0.00351935656068822,0.181951398217121
"Lev_12_09","Lev_12","L",53.3,47.9,1.11273486430063,12.6,14.3,3.34965034965035,2553.07,202.624603174603,-0.674060219715611,1.25698050899765,0.0997603578569566,26.88,177.303230330787,150.42,10.9,27.6,16.9729424278686,"CX","MF",5,5,3,0,"Feather","Triangular_Asymmetric","Backed Flake",74,113,1.23913043478261,0.00739751937442246,0.227363382528919
"Lev_12_11","Lev_12","L",46.8,49.6,0.943548387096774,7.33333333333333,8.6,5.44186046511628,2321.28,316.538181818182,-5.09831235667964,1.06249183003395,0.144885249550084,18.01,175.288104953334,127.28,8.6,29.6,18.2375864236329,"CX","MF",1,1,0,0,"Feather","Triangular_Asymmetric","Backed Flake",83,95,1.1722972972973,0.00741317086028264,0.272627278441232
"Lev_12_12","Lev_12","L",105.5,48,2.19791666666667,10.5666666666667,10.9,4.40366972477064,5064,479.242902208202,12.7638268259929,0.286744175568088,0.027136672766696,52.12,168.667036713904,261,9,31.6,19.4022988505747,"CX","MF",1,1,0,0,"Feather","Triangular_Asymmetric","Backed Flake",76,113,1.49683544303797,0.00842113665389527,0.181226053639847
"Lev_15_01","Lev_15","L",21.7,42.1,0.515439429928741,3.13333333333333,3.8,5.71052631578947,913.57,291.564893617021,-17.4522715525974,0.679869268479038,0.216979553769906,2.47,176.267793185057,14.152874904422,1.7,10.6,64.5501360090845,"RT","L",5,5,3,0,"Feather","Trapezoidal","Flake",72,101,2.56603773584906,0.0364194153774152,1.921871010921
"Lev_15_02","Lev_15","L",41.5,39.4,1.05329949238579,4.8,5.8,6.79310344827586,1635.1,340.645833333333,-24.7358120392663,0.748331477354788,0.155902391115581,6.53,175.026644588844,24.2688032489812,3,10.3,67.3745624464875,"RT","MF",5,5,5,0,"Hinge","Trapezoidal","Flake",84,103,1.88349514563107,0.0434013775454711,0.79938016724473
"Lev_15_03","Lev_15","L",31.7,41.6,0.762019230769231,5.13333333333333,7.1,4.46478873239437,1318.72,256.893506493507,22.9502260134502,2.05318181259127,0.399970482972325,4.82,179.083247970331,79.1,7,22.6,16.6715549936789,"CX","MF",5,5,3,0,"Hinge","Triangular","Flake",61,107,1.78318584070796,0.00963361859379558,0.509481668773704
"Lev_15_04","Lev_15","L",22.5,21.7,1.036866359447,4.06666666666667,4.6,4.71739130434783,488.25,120.061475409836,-3.5481617176358,0.377123616632825,0.0927353155654489,1.91,174.926265369923,26.6,4,13.3,18.3552631578947,"CX","MF",4,3,2,0,"Hinge","Triangular","Flake",88,93,1.13533834586466,0.0389799383250754,0.567669172932331
"Lev_15_05","Lev_15","L",28.4,38.2,0.743455497382199,5.06666666666667,7,4.05714285714286,1084.88,214.121052631579,10.5028036437012,1.89091394715771,0.373206700096917,4.78,176.628687852579,117.03,8.3,28.2,9.27010168332906,"CX","MF",4,2,2,0,"Feather","Trapezoidal_Asymmetric","Backed Flake",82,93,1.18439716312057,0.00635269159516533,0.28539690677604
"Lev_15_06","Lev_15","L",38.8,53.1,0.730696798493409,5.53333333333333,8,4.85,2060.28,372.339759036144,-11.615281136195,1.76131264181639,0.318309513581275,12,174.767856437989,127.1,8.2,31,16.2099134539732,"CX","MF",5,5,2,0,"Hinge","Trapezoidal","Flake",80,106,1.3,0.00574899133354373,0.317073170731707
"Lev_15_07","Lev_15","L",52.1,39,1.33589743589744,4.66666666666667,5.4,7.22222222222222,2031.9,435.407142857143,8.33438477630526,0.833999733546454,0.178714228617097,9.2,170.375988976004,57.305,7.3,15.7,35.4576389494809,"RT","L",5,5,4,0,"Feather","Triangular","Flake",81,98,1.98089171974522,0.0233120571659966,0.542710060204171
"Lev_15_08","Lev_15","L",53.4,55,0.970909090909091,6.46666666666667,6.9,7.73913043478261,2937,454.175257731959,-15.3579276147374,0.368178700572909,0.0569348506040581,16.64,169.238987142537,96.94,7.4,26.2,30.2970909841139,"CX","MF",5,5,5,0,"Feather","Triangular","Flake",75,100,1.4618320610687,0.0100155672674757,0.395089746234784
"Lev_15_09","Lev_15","L",42.9,40.1,1.06982543640898,5.83333333333333,7,5.72857142857143,1720.29,294.906857142857,-7.22061007992796,1.31233464566864,0.224971653543195,10.72,177.817039629957,101.622668361996,5.7,22.7,16.9282112714464,"CX","MF",5,5,5,0,"Feather","Trapezoidal","Flake",84,95,1.38766519823789,0.0105274291027086,0.309970211447234
"Lev_15_10","Lev_15","L",52.4,47.7,1.09853249475891,5.9,7.5,6.36,2499.48,423.640677966102,4.22655316478262,1.66733320005331,0.282598847466662,14.01,176.192976543662,191.345,7.1,30.1,13.0626878152029,"CX","MF",5,5,3,0,"Feather","Trapezoidal_Asymmetric","Backed Flake",86,94,1.23920265780731,0.00574110896422122,0.19493584885939
"Lev_15_11","Lev_15","L",41.2,25.4,1.62204724409449,4.76666666666667,5.8,4.37931034482759,1046.48,219.541258741259,4.72561181532711,1.39124245031395,0.291869045520409,5.16,176.104612647891,24.4101749183927,3.7,8.4,42.8706473222153,"RT","L",5,5,4,0,"Feather","Circular","Flake",81,105,2.48809523809524,0.0664496362487063,0.856200337354083
"Lev_15_12","Lev_15","L",61.3,48.6,1.26131687242798,5.66666666666667,8.3,5.85542168674699,2979.18,525.737647058823,10.1335093714928,2.29830855679176,0.405583862963252,12.38,170.987380283231,40.04,5.6,14.3,74.4050949050949,"CX","MF",5,5,4,0,"Plunging","Triangular","Flake",89,94,2.02797202797203,0.0315014203903093,0.724275724275724
"Lev_15_13","Lev_15","L",40.4,23.9,1.69037656903766,4.26666666666667,5.2,4.59615384615385,965.56,226.303125,7.50577312204206,1.04986771653491,0.246062746062869,4.84,178.865393033385,59.4,5.4,22,16.2552188552189,"BF","D",2,2,1,0,"Feather","Circular","Flake",85,94,1.04545454545455,0.0284575179972669,0.387205387205387
"Lev_15_14","Lev_15","L",42.9,55.6,0.77158273381295,5.73333333333333,6.1,7.0327868852459,2385.24,416.03023255814,12.3240952997678,0.262466929133727,0.0457791155465803,15.05,178.78305274156,56.7,6,18.9,42.0677248677249,"CX","MF",5,5,3,0,"Hinge","Trapezoidal_Asymmetric","Pseudo-Point",86,91,1.79365079365079,0.0136081610901755,0.597883597883598
"Lev_15_15","Lev_15","L",23.4,27,0.866666666666667,3.63333333333333,4,5.85,631.8,173.889908256881,-11.9699046302308,0.518544972870135,0.142718799872514,2.13,174.450915756867,24.61,4.6,10.7,25.6724908573751,"RT","MF",3,3,2,0,"Hinge","Triangular_Asymmetric","Backed Flake",86,96,1.75700934579439,0.0352160368413924,0.763917106867127
"Lev_15_16","Lev_15","L",54.4,45.3,1.20088300220751,10.4,13.7,3.30656934306569,2464.32,236.953846153846,-5.05223382323911,3.18224239596337,0.305984845765708,27.24,179.578705605446,35.1,6,11.7,70.208547008547,"RT","L",5,5,6,0,"Feather","Triangular","Flake",79,107,2.77777777777778,0.0342131909460828,0.925925925925926
"Lev_15_17","Lev_15","L",41.6,44,0.945454545454545,7.3,8.1,5.1358024691358,1830.4,250.739726027397,-5.55708099171897,1.13137084989848,0.154982308205271,15.88,177.930401492066,161.84,6.8,26.2,11.3099357390015,"CX","MF",2,2,1,0,"Hinge","Circular","Flake",89,94,1.52671755725191,0.00584190895609581,0.247157686604053
"Lev_15_18","Lev_15","L",18.6,19.6,0.948979591836735,1.73333333333333,2.4,7.75,364.56,210.323076923077,-4.9256333518337,0.478423336480244,0.276013463353987,0.58,173.833220640451,8.81216739331937,2.2,5.1,41.3700720524644,"RT","L",5,5,1,0,"Feather","Circular","Flake",76,105,2.68627450980392,0.107689691931655,1.55466860631655
"Lev_15_19","Lev_15","L",58.8,31.4,1.87261146496815,11.8666666666667,14.4,2.18055555555556,1846.32,155.588764044944,-1.16926104141036,1.7931970208417,0.151112108497896,19.19,175.320194411297,61.92,7.2,17.2,29.8178294573643,"CX","L",1,1,0,0,"Feather","Triangular_Asymmetric","Backed Flake",85,96,1.42441860465116,0.0302424332197699,0.395671834625323
"Lev_15_21","Lev_15","L",67.8,40.8,1.66176470588235,6.3,9.1,4.48351648351648,2766.24,439.085714285714,-10.1519763771222,2.06074420214316,0.327102254308439,17.34,168.137564069679,31.5,4.5,14,87.8171428571429,"CX","MF",1,1,0,0,"Feather","Triangular_Asymmetric","Backed Flake",81,97,1.86428571428571,0.0527544351073763,0.828571428571429
"Lev_15_22","Lev_15","L",76,50.9,1.49312377210216,9.46666666666667,9.9,5.14141414141414,3868.4,408.633802816901,1.27791979798326,0.368178700572909,0.0388921162577016,35.81,173.176096047524,70.445,7.3,19.3,54.9137625097594,"CC","MF",1,1,0,0,"Feather","Triangular_Asymmetric","Backed Flake",84,102,1.93264248704663,0.0211955961686729,0.529491092341543
"Lev_17_01","Lev_17","L",57.2,68.5,0.835036496350365,12.1666666666667,15.5,3.69032258064516,3918.2,322.043835616438,-3.8744139341357,2.61958436058513,0.215308303609737,25.98,178.988871768104,97.68,13.2,14.8,40.1126126126126,"CX","MF",5,5,2,0,"Hinge","Triangular_Asymmetric","Backed Flake",80,110,2.16891891891892,0.00854869468008154,0.328624078624079
"Lev_17_03","Lev_17","L",62,43.9,1.4123006833713,5.9,7.4,5.93243243243243,2721.8,461.322033898305,-2.31000073608955,1.36381816969859,0.231155621982811,18.3,175.191728609867,73.815,5.7,6.2,36.8732642416853,"RT","MF",5,5,4,0,"Feather","Triangular","Flake",81,93,4.88709677419355,0.0191329768119122,0.410485673643568
"Lev_17_04","Lev_17","L",68.9,41.3,1.6682808716707,10.6,11.5,3.59130434782609,2845.57,268.45,-8.79741070999106,0.637704215656967,0.060160775061978,28.24,179.334729483647,126.525,10.5,24.1,22.4901798063624,"CX","MF",5,5,3,0,"Hinge","Triangular","Flake",81,115,1.1701244813278,0.0131853852730346,0.222880853586248
"Lev_17_05","Lev_17","L",38.8,59.8,0.648829431438127,9.06666666666667,10.5,3.69523809523809,2320.24,255.908823529412,6.34330286934122,1.18415464455544,0.130605291678909,17.65,177.045955192219,76.985,8.9,17.3,30.1388582191336,"CC","L",5,5,4,0,"Feather","Triangular","Flake",79,117,1.92485549132948,0.0084279980702491,0.432551795804377
"Lev_17_06","Lev_17","L",69,80,0.8625,15.1666666666667,20.4,3.38235294117647,5520,363.956043956044,20.1343637341546,5.24362046257693,0.345733217312765,67.55,179.335693665433,163.5,10.9,30,33.7614678899083,"CX","MF",2,2,2,0,"Feather","Trapezoidal_Asymmetric","Backed Flake",85,97,1.95333333333333,0.00527522935779817,0.358409785932722
"Lev_17_08","Lev_17","L",38.6,57.8,0.667820069204152,6.06666666666667,6.8,5.67647058823529,2231.08,367.76043956044,-30.7110988288437,0.543650214343336,0.0896126726939565,14.27,174.652475445595,28.75,4.6,12.5,77.6027826086957,"CC","L",4,3,2,0,"Hinge","Trapezoidal","Flake",62,115,2.88,0.0232285241462314,1.25217391304348
"Lev_17_09","Lev_17","L",49.6,48.4,1.02479338842975,10.8666666666667,13.2,3.66666666666667,2400.64,220.917791411043,-1.73260322599893,2.32139804619735,0.213625587073376,18.11,172.596721709125,77.2,8,19.3,31.0963730569948,"CX","MF",5,5,4,0,"Feather","Triangular_Asymmetric","Backed Flake",78,106,1.73575129533679,0.0132745257568621,0.433937823834197
"Lev_17_10","Lev_17","L",53,51.8,1.02316602316602,7.8,10.5,4.93333333333333,2745.4,351.974358974359,-7.87924202111348,2.03141986469235,0.260438444191326,23.82,166.533465605225,58.58,5.8,20.2,46.8658245134858,"CX","L",1,1,0,0,"Feather","Trapezoidal_Asymmetric","Backed Flake",80,110,1.59405940594059,0.017466132181052,0.549675657220895
"Lev_17_11","Lev_17","L",53.9,64.3,0.838258164852255,12.6333333333333,14.1,3.82269503546099,3465.77,274.335356200528,-8.74350701709283,1.27104506432917,0.100610427255607,43.74,178.388764705571,360,9.6,40.7,9.62713888888889,"CX","MF",3,2,3,0,"Feather","Triangular","Flake",75,111,1.11302211302211,0.00232849490236738,0.125833333333333
"Lev_17_12","Lev_17","L",82.6,72.6,1.13774104683196,12.9333333333333,18,4.03333333333333,5996.76,463.667010309278,-22.7106973277465,4.95939064357261,0.38345803945149,47.18,171.888147376851,136.64,11.2,24.4,43.8872950819672,"CX","L",1,1,0,0,"Feather","Triangular","Flake",70,118,1.51639344262295,0.00832655918348914,0.270784543325527
"Lev_17_13","Lev_17","L",34.1,32,1.065625,8.86666666666667,10,3.2,1091.2,123.067669172932,9.83597646316939,1.14406682011537,0.129030092494214,11.17,175.734159123171,62,6.2,20,17.6,"CX","MF",5,5,2,0,"Hinge","Triangular_Asymmetric","Backed Flake",76,110,1.28,0.0171875,0.412903225806452
"Lev_17_14","Lev_17","L",30.8,45.8,0.672489082969432,7.6,8.5,3.62352941176471,1410.64,185.610526315789,-8.17123355994976,0.648074069840786,0.0852729039264192,8.73,180,12.09,3.1,7.8,116.678246484698,"RT","L",5,5,2,0,"Hinge","Triangular_Asymmetric","Backed Flake",75,105,3.61538461538462,0.055623580063642,2.33250620347395
"Lev_17_15","Lev_17","L",31.5,66.7,0.472263868065967,6.93333333333333,8.6,3.66279069767442,2101.05,303.036057692308,-47.6208430008695,2.0138409955991,0.290457835903716,12.2,179.272424769066,86.24,4.4,24.8,24.3628246753247,"CX","L",5,5,3,0,"Hinge","Trapezoidal","Flake",75,112,1.31451612903226,0.00547615802488366,0.378014842300557
